Model,Train_R2,Test_R2,MAE,RMSE,Mean_Residual,Std_Residual,Min_Residual,Max_Residual
Linear Regression,0.33774864801058435,0.3455468386885291,106.75474199169598,143.95668985278937,-3.6498612826567345,143.91041333409322,-302.70546110105533,635.0239609263939
Decision Tree,0.853907924516613,0.8077602448856516,51.3906104456902,78.02147730539043,-0.9373644651328825,78.01584626712102,-430.5,510.0
