Model,Train_R2,Test_R2,MAE,RMSE,Mean_Residual,Std_Residual,Min_Residual,Max_Residual
Linear Regression,0.33770432468319056,0.34599532952394496,105.72061697091905,141.69699352125193,-3.0205813141978504,141.66479471444563,-306.0366351269871,647.7176110501161
Decision Tree,0.8569176634341682,0.7968789779017558,52.30329827740706,78.96736513276744,-1.7737993823038103,78.94744069165986,-389.24,449.5833333333333
